{
    "loss": 0.1342172771692276,
    "accuracy": 0.8627451062202454
}