{
    "loss": 16.523977279663086,
    "accuracy": 0.5686274766921997
}