{
    "loss": 0.3664948642253876,
    "accuracy": 0.8627451062202454
}