{
    "loss": 0.20467500388622284,
    "accuracy": 0.9803921580314636
}